{
  "dashboard": {
    "id": null,
    "title": "K6 Load Testing Dashboard - CRUD API",
    "tags": ["k6", "load-testing", "crud", "api"],
    "timezone": "browser",
    "panels": [
      {
        "id": 1,
        "title": "Total Requests",
        "type": "stat",
        "targets": [
          {
            "expr": "SELECT sum(\"value\") FROM \"http_reqs\" WHERE $timeFilter",
            "format": "time_series"
          }
        ],
        "fieldConfig": {
          "defaults": {
            "color": {
              "mode": "palette-classic"
            },
            "custom": {
              "displayMode": "basic"
            }
          }
        },
        "gridPos": {
          "h": 8,
          "w": 12,
          "x": 0,
          "y": 0
        }
      },
      {
        "id": 2,
        "title": "Request Rate",
        "type": "timeseries",
        "targets": [
          {
            "expr": "SELECT mean(\"value\") FROM \"http_reqs\" WHERE $timeFilter GROUP BY time($__interval) fill(null)",
            "format": "time_series"
          }
        ],
        "fieldConfig": {
          "defaults": {
            "color": {
              "mode": "palette-classic"
            },
            "custom": {
              "drawStyle": "line",
              "lineInterpolation": "linear",
              "barAlignment": 0,
              "lineWidth": 1,
              "fillOpacity": 0,
              "gradientMode": "none",
              "spanNulls": false,
              "insertNulls": false,
              "showPoints": "auto",
              "pointSize": 5,
              "stacking": {
                "mode": "none",
                "group": "A"
              },
              "axisPlacement": "auto",
              "axisLabel": "",
              "scaleDistribution": {
                "type": "linear"
              },
              "hideFrom": {
                "legend": false,
                "tooltip": false,
                "vis": false
              },
              "thresholdsStyle": {
                "mode": "off"
              }
            }
          }
        },
        "gridPos": {
          "h": 8,
          "w": 12,
          "x": 12,
          "y": 0
        }
      },
      {
        "id": 3,
        "title": "Response Times",
        "type": "timeseries",
        "targets": [
          {
            "expr": "SELECT mean(\"value\") FROM \"http_req_duration\" WHERE $timeFilter GROUP BY time($__interval) fill(null)",
            "format": "time_series",
            "refId": "A"
          },
          {
            "expr": "SELECT percentile(\"value\", 95) FROM \"http_req_duration\" WHERE $timeFilter GROUP BY time($__interval) fill(null)",
            "format": "time_series",
            "refId": "B"
          }
        ],
        "fieldConfig": {
          "defaults": {
            "color": {
              "mode": "palette-classic"
            },
            "custom": {
              "drawStyle": "line",
              "lineInterpolation": "linear",
              "barAlignment": 0,
              "lineWidth": 1,
              "fillOpacity": 0,
              "gradientMode": "none",
              "spanNulls": false,
              "insertNulls": false,
              "showPoints": "auto",
              "pointSize": 5,
              "stacking": {
                "mode": "none",
                "group": "A"
              },
              "axisPlacement": "auto",
              "axisLabel": "",
              "scaleDistribution": {
                "type": "linear"
              },
              "hideFrom": {
                "legend": false,
                "tooltip": false,
                "vis": false
              },
              "thresholdsStyle": {
                "mode": "off"
              }
            },
            "unit": "ms"
          }
        },
        "gridPos": {
          "h": 8,
          "w": 24,
          "x": 0,
          "y": 8
        }
      },
      {
        "id": 4,
        "title": "HTTP Status Codes",
        "type": "timeseries",
        "targets": [
          {
            "expr": "SELECT count(\"value\") FROM \"http_reqs\" WHERE $timeFilter AND \"status\"='200' GROUP BY time($__interval) fill(null)",
            "format": "time_series",
            "refId": "A"
          },
          {
            "expr": "SELECT count(\"value\") FROM \"http_reqs\" WHERE $timeFilter AND \"status\"='201' GROUP BY time($__interval) fill(null)",
            "format": "time_series",
            "refId": "B"
          },
          {
            "expr": "SELECT count(\"value\") FROM \"http_reqs\" WHERE $timeFilter AND \"status\"!='200' AND \"status\"!='201' GROUP BY time($__interval) fill(null)",
            "format": "time_series",
            "refId": "C"
          }
        ],
        "fieldConfig": {
          "defaults": {
            "color": {
              "mode": "palette-classic"
            },
            "custom": {
              "drawStyle": "line",
              "lineInterpolation": "linear",
              "barAlignment": 0,
              "lineWidth": 1,
              "fillOpacity": 0,
              "gradientMode": "none",
              "spanNulls": false,
              "insertNulls": false,
              "showPoints": "auto",
              "pointSize": 5,
              "stacking": {
                "mode": "none",
                "group": "A"
              },
              "axisPlacement": "auto",
              "axisLabel": "",
              "scaleDistribution": {
                "type": "linear"
              },
              "hideFrom": {
                "legend": false,
                "tooltip": false,
                "vis": false
              },
              "thresholdsStyle": {
                "mode": "off"
              }
            }
          }
        },
        "gridPos": {
          "h": 8,
          "w": 12,
          "x": 0,
          "y": 16
        }
      },
      {
        "id": 5,
        "title": "Error Rate",
        "type": "stat",
        "targets": [
          {
            "expr": "SELECT mean(\"value\") FROM \"errors\" WHERE $timeFilter",
            "format": "time_series"
          }
        ],
        "fieldConfig": {
          "defaults": {
            "color": {
              "mode": "thresholds"
            },
            "custom": {
              "displayMode": "basic"
            },
            "unit": "percentunit",
            "thresholds": {
              "mode": "absolute",
              "steps": [
                {
                  "color": "green",
                  "value": null
                },
                {
                  "color": "red",
                  "value": 0.1
                }
              ]
            }
          }
        },
        "gridPos": {
          "h": 8,
          "w": 12,
          "x": 12,
          "y": 16
        }
      },
      {
        "id": 6,
        "title": "Virtual Users",
        "type": "timeseries",
        "targets": [
          {
            "expr": "SELECT mean(\"value\") FROM \"vus\" WHERE $timeFilter GROUP BY time($__interval) fill(null)",
            "format": "time_series"
          }
        ],
        "fieldConfig": {
          "defaults": {
            "color": {
              "mode": "palette-classic"
            },
            "custom": {
              "drawStyle": "line",
              "lineInterpolation": "linear",
              "barAlignment": 0,
              "lineWidth": 1,
              "fillOpacity": 0,
              "gradientMode": "none",
              "spanNulls": false,
              "insertNulls": false,
              "showPoints": "auto",
              "pointSize": 5,
              "stacking": {
                "mode": "none",
                "group": "A"
              },
              "axisPlacement": "auto",
              "axisLabel": "",
              "scaleDistribution": {
                "type": "linear"
              },
              "hideFrom": {
                "legend": false,
                "tooltip": false,
                "vis": false
              },
              "thresholdsStyle": {
                "mode": "off"
              }
            }
          }
        },
        "gridPos": {
          "h": 8,
          "w": 24,
          "x": 0,
          "y": 24
        }
      }
    ],
    "time": {
      "from": "now-5m",
      "to": "now"
    },
    "timepicker": {},
    "refresh": "5s",
    "version": 1
  }
}
